{"cameraMode":{"drawMode":0,"name":"Shaded","section":"Shading Mode"},"sceneLighting":false,"audioPlay":false,"sceneViewState":{"showFog":true,"showMaterialUpdate":false,"showSkybox":true,"showFlares":true,"showImageEffects":true,"showParticleSystems":true},"in2DMode":false,"pivot":{"x":-8.747832298278809,"y":2.2952404022216799,"z":8.534541130065918},"rotation":{"x":-0.1589997410774231,"y":0.3750697672367096,"z":-0.0654686689376831,"w":-0.9109090566635132},"size":6.130860805511475,"orthographic":false}