{"cameraMode":{"drawMode":0,"name":"Shaded","section":"Shading Mode"},"sceneLighting":false,"audioPlay":false,"sceneViewState":{"showFog":true,"showMaterialUpdate":false,"showSkybox":true,"showFlares":true,"showImageEffects":true,"showParticleSystems":true},"in2DMode":false,"pivot":{"x":34.49639129638672,"y":-72.04054260253906,"z":-63.574798583984378},"rotation":{"x":-0.15140166878700257,"y":0.24427716434001923,"z":-0.038644734770059589,"w":-0.9570382833480835},"size":2.5801265239715578,"orthographic":false}