{"cameraMode":{"drawMode":0,"name":"Shaded","section":"Shading Mode"},"sceneLighting":false,"audioPlay":false,"sceneViewState":{"showFog":true,"showMaterialUpdate":false,"showSkybox":true,"showFlares":true,"showImageEffects":true,"showParticleSystems":true},"in2DMode":false,"pivot":{"x":-222.8007354736328,"y":29.243101119995118,"z":104.06099700927735},"rotation":{"x":0.17551913857460023,"y":-0.09729435294866562,"z":0.01743369922041893,"w":0.9795053005218506},"size":3.6576051712036135,"orthographic":false}