{"cameraMode":{"drawMode":0,"name":"Shaded","section":"Shading Mode"},"sceneLighting":false,"audioPlay":false,"sceneViewState":{"showFog":true,"showMaterialUpdate":false,"showSkybox":true,"showFlares":true,"showImageEffects":true,"showParticleSystems":true},"in2DMode":false,"pivot":{"x":84.58103942871094,"y":12.373703002929688,"z":43.22992706298828},"rotation":{"x":-0.11590834707021713,"y":-0.11796819418668747,"z":0.013881770893931389,"w":-0.9861598014831543},"size":7.308581829071045,"orthographic":false}