{"cameraMode":{"drawMode":0,"name":"Shaded","section":"Shading Mode"},"sceneLighting":false,"audioPlay":false,"sceneViewState":{"showFog":true,"showMaterialUpdate":false,"showSkybox":true,"showFlares":true,"showImageEffects":true,"showParticleSystems":true},"in2DMode":false,"pivot":{"x":93.10321044921875,"y":8.791772842407227,"z":34.717376708984378},"rotation":{"x":0.17551913857460023,"y":-0.09729435294866562,"z":0.01743369922041893,"w":0.9795053005218506},"size":52.92430114746094,"orthographic":false}