{"cameraMode":{"drawMode":0,"name":"Shaded","section":"Shading Mode"},"sceneLighting":false,"audioPlay":false,"sceneViewState":{"showFog":true,"showMaterialUpdate":false,"showSkybox":true,"showFlares":true,"showImageEffects":true,"showParticleSystems":true},"in2DMode":false,"pivot":{"x":115.658447265625,"y":-9.563365936279297,"z":78.3171615600586},"rotation":{"x":-0.1405782550573349,"y":-0.3083486557006836,"z":0.04614734277129173,"w":-0.9397205114364624},"size":50.28305435180664,"orthographic":false}