{"cameraMode":{"drawMode":0,"name":"Shaded","section":"Shading Mode"},"sceneLighting":false,"audioPlay":false,"sceneViewState":{"showFog":true,"showMaterialUpdate":false,"showSkybox":true,"showFlares":true,"showImageEffects":true,"showParticleSystems":true},"in2DMode":false,"pivot":{"x":-220.41746520996095,"y":31.4194278717041,"z":102.12769317626953},"rotation":{"x":-0.24876120686531068,"y":0.16695554554462434,"z":-0.04356946796178818,"w":-0.9530839920043945},"size":3.520656108856201,"orthographic":false}