{"cameraMode":{"drawMode":0,"name":"Shaded","section":"Shading Mode"},"sceneLighting":false,"audioPlay":false,"sceneViewState":{"showFog":true,"showMaterialUpdate":false,"showSkybox":true,"showFlares":true,"showImageEffects":true,"showParticleSystems":true},"in2DMode":false,"pivot":{"x":102.60002136230469,"y":4.099999904632568,"z":66.00003814697266},"rotation":{"x":-0.016482047736644746,"y":-0.9561329483985901,"z":0.05485709011554718,"w":-0.2872937023639679},"size":4.4192304611206059,"orthographic":false}