{"cameraMode":{"drawMode":0,"name":"Shaded","section":"Shading Mode"},"sceneLighting":false,"audioPlay":false,"sceneViewState":{"showFog":true,"showMaterialUpdate":false,"showSkybox":true,"showFlares":true,"showImageEffects":true,"showParticleSystems":true},"in2DMode":false,"pivot":{"x":128.3214111328125,"y":-6.475372314453125,"z":59.59721755981445},"rotation":{"x":-0.25181862711906435,"y":-0.6094169020652771,"z":0.21283432841300965,"w":-0.7210418581962586},"size":32.10234451293945,"orthographic":false}