{"cameraMode":{"drawMode":0,"name":"Shaded","section":"Shading Mode"},"sceneLighting":false,"audioPlay":false,"sceneViewState":{"showFog":true,"showMaterialUpdate":false,"showSkybox":true,"showFlares":true,"showImageEffects":true,"showParticleSystems":true},"in2DMode":false,"pivot":{"x":95.90470886230469,"y":-4.377819061279297,"z":123.33070373535156},"rotation":{"x":-0.049464333802461627,"y":0.024872737005352975,"z":-0.00122383504640311,"w":-0.9984728693962097},"size":64.63701629638672,"orthographic":false}