{"cameraMode":{"drawMode":0,"name":"Shaded","section":"Shading Mode"},"sceneLighting":false,"audioPlay":false,"sceneViewState":{"showFog":true,"showMaterialUpdate":false,"showSkybox":true,"showFlares":true,"showImageEffects":true,"showParticleSystems":true},"in2DMode":false,"pivot":{"x":103.95441436767578,"y":-13.362380981445313,"z":24.951417922973634},"rotation":{"x":0.5258108973503113,"y":-0.47091954946517947,"z":0.4589451849460602,"w":0.5395723581314087},"size":43.713443756103519,"orthographic":false}