{"cameraMode":{"drawMode":0,"name":"Shaded","section":"Shading Mode"},"sceneLighting":false,"audioPlay":false,"sceneViewState":{"showFog":true,"showMaterialUpdate":false,"showSkybox":true,"showFlares":true,"showImageEffects":true,"showParticleSystems":true},"in2DMode":false,"pivot":{"x":114.13581848144531,"y":13.411653518676758,"z":39.526695251464847},"rotation":{"x":-0.00779607892036438,"y":-0.9921166896820068,"z":0.09553482383489609,"w":-0.08082176744937897},"size":1.550351858139038,"orthographic":false}