{"cameraMode":{"drawMode":0,"name":"Shaded","section":"Shading Mode"},"sceneLighting":false,"audioPlay":false,"sceneViewState":{"showFog":true,"showMaterialUpdate":false,"showSkybox":true,"showFlares":true,"showImageEffects":true,"showParticleSystems":true},"in2DMode":false,"pivot":{"x":114.90959167480469,"y":2.5229949951171877,"z":28.668766021728517},"rotation":{"x":0.07920931279659271,"y":0.9202955961227417,"z":-0.2546999454498291,"w":0.286203533411026},"size":23.44782829284668,"orthographic":false}