{"cameraMode":{"drawMode":0,"name":"Shaded","section":"Shading Mode"},"sceneLighting":false,"audioPlay":false,"sceneViewState":{"showFog":true,"showMaterialUpdate":false,"showSkybox":true,"showFlares":true,"showImageEffects":true,"showParticleSystems":true},"in2DMode":false,"pivot":{"x":70.27348327636719,"y":15.42003059387207,"z":7.554100036621094},"rotation":{"x":-0.013349654152989388,"y":0.6707075238227844,"z":-0.012073465622961522,"w":-0.7415116429328919},"size":4.13594388961792,"orthographic":false}