{"cameraMode":{"drawMode":0,"name":"Shaded","section":"Shading Mode"},"sceneLighting":false,"audioPlay":false,"sceneViewState":{"showFog":true,"showMaterialUpdate":false,"showSkybox":true,"showFlares":true,"showImageEffects":true,"showParticleSystems":true},"in2DMode":false,"pivot":{"x":86.81746673583985,"y":-77.73326110839844,"z":-58.61070251464844},"rotation":{"x":0.06330537050962448,"y":0.7577775120735169,"z":-0.07435508817434311,"w":0.6451653242111206},"size":18.8171443939209,"orthographic":false}