{"cameraMode":{"drawMode":0,"name":"Shaded","section":"Shading Mode"},"sceneLighting":false,"audioPlay":false,"sceneViewState":{"showFog":true,"showMaterialUpdate":false,"showSkybox":true,"showFlares":true,"showImageEffects":true,"showParticleSystems":true},"in2DMode":false,"pivot":{"x":104.98892211914063,"y":-1.2779865264892579,"z":34.61431884765625},"rotation":{"x":0.12045181542634964,"y":-0.13064679503440858,"z":0.015992896631360055,"w":0.9839556813240051},"size":24.898523330688478,"orthographic":false}