{"cameraMode":{"drawMode":0,"name":"Shaded","section":"Shading Mode"},"sceneLighting":false,"audioPlay":false,"sceneViewState":{"showFog":true,"showMaterialUpdate":false,"showSkybox":true,"showFlares":true,"showImageEffects":true,"showParticleSystems":true},"in2DMode":false,"pivot":{"x":117.52734375,"y":8.077415466308594,"z":62.50404357910156},"rotation":{"x":0.06205947324633598,"y":-0.16805440187454225,"z":-0.010601765476167202,"w":-0.9837660193443298},"size":7.2317705154418949,"orthographic":false}