{"cameraMode":{"drawMode":0,"name":"Shaded","section":"Shading Mode"},"sceneLighting":false,"audioPlay":false,"sceneViewState":{"showFog":true,"showMaterialUpdate":false,"showSkybox":true,"showFlares":true,"showImageEffects":true,"showParticleSystems":true},"in2DMode":false,"pivot":{"x":80.43167877197266,"y":-8.1068115234375,"z":35.073097229003909},"rotation":{"x":-0.42265188694000246,"y":-0.5509911775588989,"z":0.3818269968032837,"w":-0.6099041700363159},"size":28.162425994873048,"orthographic":false}