{"cameraMode":{"drawMode":0,"name":"Shaded","section":"Shading Mode"},"sceneLighting":false,"audioPlay":false,"sceneViewState":{"showFog":true,"showMaterialUpdate":false,"showSkybox":true,"showFlares":true,"showImageEffects":true,"showParticleSystems":true},"in2DMode":false,"pivot":{"x":-1083.96533203125,"y":432.65380859375,"z":841.13232421875},"rotation":{"x":0.12180477380752564,"y":0.2531108260154724,"z":-0.03214152529835701,"w":0.959202229976654},"size":17553.908203125,"orthographic":false}