{"cameraMode":{"drawMode":0,"name":"Shaded","section":"Shading Mode"},"sceneLighting":true,"audioPlay":false,"sceneViewState":{"showFog":false,"showMaterialUpdate":false,"showSkybox":false,"showFlares":false,"showImageEffects":false,"showParticleSystems":false},"in2DMode":false,"pivot":{"x":-207.91488647460938,"y":36.81123352050781,"z":91.50382232666016},"rotation":{"x":0.16125467419624329,"y":0.6354966163635254,"z":-0.1380433291196823,"w":0.7423521876335144},"size":0.8072938323020935,"orthographic":true}