{"cameraMode":{"drawMode":0,"name":"Shaded","section":"Shading Mode"},"sceneLighting":false,"audioPlay":false,"sceneViewState":{"showFog":false,"showMaterialUpdate":false,"showSkybox":false,"showFlares":false,"showImageEffects":false,"showParticleSystems":false},"in2DMode":false,"pivot":{"x":33.01738739013672,"y":26.474302291870118,"z":79.26048278808594},"rotation":{"x":0.0858723446726799,"y":0.9120556116104126,"z":-0.24947518110275269,"w":0.3139304518699646},"size":4.1051435470581059,"orthographic":false}