{"cameraMode":{"drawMode":0,"name":"Shaded","section":"Shading Mode"},"sceneLighting":false,"audioPlay":false,"sceneViewState":{"showFog":false,"showMaterialUpdate":false,"showSkybox":false,"showFlares":false,"showImageEffects":false,"showParticleSystems":false},"in2DMode":false,"pivot":{"x":-207.92909240722657,"y":30.509431838989259,"z":102.37577819824219},"rotation":{"x":0.0858723446726799,"y":0.9120556116104126,"z":-0.24947518110275269,"w":0.3139304518699646},"size":1.5729429721832276,"orthographic":false}