{"cameraMode":{"drawMode":0,"name":"Shaded","section":"Shading Mode"},"sceneLighting":false,"audioPlay":false,"sceneViewState":{"showFog":false,"showMaterialUpdate":false,"showSkybox":false,"showFlares":false,"showImageEffects":false,"showParticleSystems":false},"in2DMode":false,"pivot":{"x":-214.60000610351563,"y":29.780000686645509,"z":87.98999786376953},"rotation":{"x":0.0858723446726799,"y":0.9120556116104126,"z":-0.24947518110275269,"w":0.3139304518699646},"size":4.330128192901611,"orthographic":false}