{"cameraMode":{"drawMode":0,"name":"Shaded","section":"Shading Mode"},"sceneLighting":false,"audioPlay":false,"sceneViewState":{"showFog":false,"showMaterialUpdate":false,"showSkybox":false,"showFlares":false,"showImageEffects":false,"showParticleSystems":false},"in2DMode":false,"pivot":{"x":-206.53543090820313,"y":29.561370849609376,"z":97.39469909667969},"rotation":{"x":0.0858723446726799,"y":0.9120556116104126,"z":-0.24947518110275269,"w":0.3139304518699646},"size":4.955352783203125,"orthographic":false}