{"cameraMode":{"drawMode":0,"name":"Shaded","section":"Shading Mode"},"sceneLighting":true,"audioPlay":false,"sceneViewState":{"showFog":false,"showMaterialUpdate":false,"showSkybox":false,"showFlares":false,"showImageEffects":false,"showParticleSystems":false},"in2DMode":false,"pivot":{"x":-207.8485107421875,"y":36.59112548828125,"z":90.44134521484375},"rotation":{"x":0.16125467419624329,"y":0.6354966163635254,"z":-0.1380433291196823,"w":0.7423521876335144},"size":1.302844524383545,"orthographic":true}