{"cameraMode":{"drawMode":0,"name":"Shaded","section":"Shading Mode"},"sceneLighting":false,"audioPlay":false,"sceneViewState":{"showFog":true,"showMaterialUpdate":true,"showSkybox":true,"showFlares":true,"showImageEffects":true,"showParticleSystems":true},"in2DMode":false,"pivot":{"x":70.33999633789063,"y":8.49246883392334,"z":46.04999923706055},"rotation":{"x":0.04453599452972412,"y":-0.954796552658081,"z":0.18858100473880769,"w":0.22547154128551484},"size":0.8072913289070129,"orthographic":false}