{"cameraMode":{"drawMode":0,"name":"Shaded","section":"Shading Mode"},"sceneLighting":true,"audioPlay":false,"sceneViewState":{"showFog":false,"showMaterialUpdate":false,"showSkybox":false,"showFlares":false,"showImageEffects":false,"showParticleSystems":false},"in2DMode":false,"pivot":{"x":-240.0500030517578,"y":29.72368621826172,"z":76.29000091552735},"rotation":{"x":0.04712729901075363,"y":0.6535898447036743,"z":-0.04083528742194176,"w":0.7542784810066223},"size":6.33441162109375,"orthographic":true}