{"cameraMode":{"drawMode":0,"name":"Shaded","section":"Shading Mode"},"sceneLighting":true,"audioPlay":false,"sceneViewState":{"showFog":false,"showMaterialUpdate":false,"showSkybox":false,"showFlares":false,"showImageEffects":false,"showParticleSystems":false},"in2DMode":false,"pivot":{"x":-217.3800048828125,"y":31.219999313354493,"z":83.58000183105469},"rotation":{"x":0.04712729901075363,"y":0.6535898447036743,"z":-0.04083528742194176,"w":0.7542784810066223},"size":2.5475447177886965,"orthographic":true}