{"cameraMode":{"drawMode":0,"name":"Shaded","section":"Shading Mode"},"sceneLighting":true,"audioPlay":false,"sceneViewState":{"showFog":false,"showMaterialUpdate":false,"showSkybox":false,"showFlares":false,"showImageEffects":false,"showParticleSystems":false},"in2DMode":false,"pivot":{"x":-211.33999633789063,"y":38.55123519897461,"z":96.9000015258789},"rotation":{"x":0.1329781711101532,"y":0.6806693077087402,"z":-0.127660870552063,"w":0.7090201377868652},"size":6.014387130737305,"orthographic":true}