{"cameraMode":{"drawMode":0,"name":"Shaded","section":"Shading Mode"},"sceneLighting":true,"audioPlay":false,"sceneViewState":{"showFog":false,"showMaterialUpdate":false,"showSkybox":false,"showFlares":false,"showImageEffects":false,"showParticleSystems":false},"in2DMode":false,"pivot":{"x":104.69999694824219,"y":16.77246856689453,"z":68.25},"rotation":{"x":-0.2689741849899292,"y":0.7310159802436829,"z":-0.44567927718162539,"w":-0.44117921590805056},"size":40.666542053222659,"orthographic":false}