{"cameraMode":{"drawMode":0,"name":"Shaded","section":"Shading Mode"},"sceneLighting":true,"audioPlay":false,"sceneViewState":{"showFog":false,"showMaterialUpdate":false,"showSkybox":false,"showFlares":false,"showImageEffects":false,"showParticleSystems":false},"in2DMode":false,"pivot":{"x":74.84664154052735,"y":0.5477960109710693,"z":24.671768188476564},"rotation":{"x":0.03681962564587593,"y":-0.06141963228583336,"z":0.002267674310132861,"w":0.9974360466003418},"size":14.704768180847168,"orthographic":false}