{"cameraMode":{"drawMode":0,"name":"Shaded","section":"Shading Mode"},"sceneLighting":false,"audioPlay":false,"sceneViewState":{"showFog":true,"showMaterialUpdate":false,"showSkybox":true,"showFlares":true,"showImageEffects":true,"showParticleSystems":true},"in2DMode":false,"pivot":{"x":88.43000793457031,"y":17.213069915771486,"z":63.36000061035156},"rotation":{"x":-0.030555360019207,"y":-0.9342488050460815,"z":-0.08260644972324372,"w":0.34557825326919558},"size":0.8072938323020935,"orthographic":false}