{"cameraMode":{"drawMode":0,"name":"Shaded","section":"Shading Mode"},"sceneLighting":true,"audioPlay":false,"sceneViewState":{"showFog":true,"showMaterialUpdate":false,"showSkybox":true,"showFlares":true,"showImageEffects":true,"showParticleSystems":true},"in2DMode":false,"pivot":{"x":161.34994506835938,"y":-19.40845489501953,"z":57.90044021606445},"rotation":{"x":0.12927721440792085,"y":0.7850351333618164,"z":-0.17498020827770234,"w":0.5799921154975891},"size":50.382572174072269,"orthographic":false}