{"cameraMode":{"drawMode":0,"name":"Shaded","section":"Shading Mode"},"sceneLighting":false,"audioPlay":false,"sceneViewState":{"showFog":true,"showMaterialUpdate":false,"showSkybox":true,"showFlares":true,"showImageEffects":true,"showParticleSystems":true},"in2DMode":false,"pivot":{"x":101.78999328613281,"y":13.15999984741211,"z":30.329999923706056},"rotation":{"x":0.49344757199287417,"y":-0.5063638687133789,"z":0.48992690443992617,"w":0.5100062489509583},"size":8.036763191223145,"orthographic":true}