{"cameraMode":{"drawMode":0,"name":"Shaded","section":"Shading Mode"},"sceneLighting":false,"audioPlay":false,"sceneViewState":{"showFog":true,"showMaterialUpdate":false,"showSkybox":true,"showFlares":true,"showImageEffects":true,"showParticleSystems":true},"in2DMode":false,"pivot":{"x":-217.99037170410157,"y":34.458595275878909,"z":80.43878173828125},"rotation":{"x":-0.015433955937623978,"y":0.9698770642280579,"z":-0.23458132147789002,"w":-0.0638117641210556},"size":8.649800300598145,"orthographic":false}