{"cameraMode":{"drawMode":0,"name":"Shaded","section":"Shading Mode"},"sceneLighting":false,"audioPlay":false,"sceneViewState":{"showFog":true,"showMaterialUpdate":false,"showSkybox":true,"showFlares":true,"showImageEffects":true,"showParticleSystems":true},"in2DMode":false,"pivot":{"x":133.93392944335938,"y":-88.49889373779297,"z":22.877723693847658},"rotation":{"x":0.27529022097587588,"y":0.7167238593101502,"z":-0.3855191171169281,"w":0.5117940902709961},"size":84.44866943359375,"orthographic":false}