{"cameraMode":{"drawMode":0,"name":"Shaded","section":"Shading Mode"},"sceneLighting":false,"audioPlay":false,"sceneViewState":{"showFog":true,"showMaterialUpdate":false,"showSkybox":true,"showFlares":true,"showImageEffects":true,"showParticleSystems":true},"in2DMode":false,"pivot":{"x":-199.2206573486328,"y":52.977882385253909,"z":105.6539077758789},"rotation":{"x":-0.12847048044204713,"y":-0.7921384572982788,"z":0.17882268130779267,"w":-0.5692928433418274},"size":1.999678611755371,"orthographic":false}