{"cameraMode":{"drawMode":0,"name":"Shaded","section":"Shading Mode"},"sceneLighting":false,"audioPlay":false,"sceneViewState":{"showFog":true,"showMaterialUpdate":false,"showSkybox":true,"showFlares":true,"showImageEffects":true,"showParticleSystems":true},"in2DMode":false,"pivot":{"x":106.53278350830078,"y":-13.448526382446289,"z":14.431405067443848},"rotation":{"x":-0.26681309938430788,"y":-0.4499419033527374,"z":0.14293266832828523,"w":-0.8402363061904907},"size":30.62888526916504,"orthographic":false}