{"cameraMode":{"drawMode":0,"name":"Shaded","section":"Shading Mode"},"sceneLighting":false,"audioPlay":false,"sceneViewState":{"showFog":true,"showMaterialUpdate":false,"showSkybox":true,"showFlares":true,"showImageEffects":true,"showParticleSystems":true},"in2DMode":false,"pivot":{"x":-225.77099609375,"y":32.90699768066406,"z":84.45199584960938},"rotation":{"x":-0.12847048044204713,"y":-0.7921384572982788,"z":0.17882268130779267,"w":-0.5692928433418274},"size":2.731560468673706,"orthographic":false}