{"cameraMode":{"drawMode":0,"name":"Shaded","section":"Shading Mode"},"sceneLighting":false,"audioPlay":false,"sceneViewState":{"showFog":true,"showMaterialUpdate":false,"showSkybox":true,"showFlares":true,"showImageEffects":true,"showParticleSystems":true},"in2DMode":false,"pivot":{"x":-227.6617889404297,"y":7.297954559326172,"z":57.24584197998047},"rotation":{"x":0.2276465743780136,"y":0.6757978200912476,"z":-0.23260657489299775,"w":0.6613674163818359},"size":37.98984146118164,"orthographic":false}