{"cameraMode":{"drawMode":0,"name":"Shaded","section":"Shading Mode"},"sceneLighting":false,"audioPlay":false,"sceneViewState":{"showFog":true,"showMaterialUpdate":false,"showSkybox":true,"showFlares":true,"showImageEffects":true,"showParticleSystems":true},"in2DMode":false,"pivot":{"x":-230.01902770996095,"y":34.15921401977539,"z":90.68956756591797},"rotation":{"x":0.13846945762634278,"y":-0.7149678468704224,"z":0.14788603782653809,"w":0.6692049503326416},"size":5.465376377105713,"orthographic":false}