{"cameraMode":{"drawMode":0,"name":"Shaded","section":"Shading Mode"},"sceneLighting":false,"audioPlay":false,"sceneViewState":{"showFog":true,"showMaterialUpdate":false,"showSkybox":true,"showFlares":true,"showImageEffects":true,"showParticleSystems":true},"in2DMode":false,"pivot":{"x":104.00743865966797,"y":-10.608808517456055,"z":64.82060241699219},"rotation":{"x":-0.11181008815765381,"y":0.08934741467237473,"z":-0.010098474100232125,"w":-0.9896814227104187},"size":36.878089904785159,"orthographic":false}