{"cameraMode":{"drawMode":0,"name":"Shaded","section":"Shading Mode"},"sceneLighting":false,"audioPlay":false,"sceneViewState":{"showFog":true,"showMaterialUpdate":false,"showSkybox":true,"showFlares":true,"showImageEffects":true,"showParticleSystems":true},"in2DMode":false,"pivot":{"x":0.16941022872924806,"y":-1.695218563079834,"z":1.1149287223815919},"rotation":{"x":-0.22408436238765717,"y":-0.6938375234603882,"z":0.2430170178413391,"w":-0.639783501625061},"size":6.033487319946289,"orthographic":false}