{"cameraMode":{"drawMode":0,"name":"Shaded","section":"Shading Mode"},"sceneLighting":false,"audioPlay":false,"sceneViewState":{"showFog":true,"showMaterialUpdate":false,"showSkybox":true,"showFlares":true,"showImageEffects":true,"showParticleSystems":true},"in2DMode":false,"pivot":{"x":-4.659999847412109,"y":2.7899999618530275,"z":0.0},"rotation":{"x":-0.08329594135284424,"y":0.8865247368812561,"z":-0.1759246438741684,"w":-0.41974809765815737},"size":7.6284074783325199,"orthographic":false}