{"cameraMode":{"drawMode":0,"name":"Shaded","section":"Shading Mode"},"sceneLighting":false,"audioPlay":false,"sceneViewState":{"showFog":true,"showMaterialUpdate":false,"showSkybox":true,"showFlares":true,"showImageEffects":true,"showParticleSystems":true},"in2DMode":false,"pivot":{"x":-1.1050357818603516,"y":-1.6271147727966309,"z":7.436217784881592},"rotation":{"x":-0.2814478278160095,"y":-0.4840458631515503,"z":0.1679089218378067,"w":-0.811355710029602},"size":7.245494842529297,"orthographic":false}