{"cameraMode":{"drawMode":0,"name":"Shaded","section":"Shading Mode"},"sceneLighting":false,"audioPlay":false,"sceneViewState":{"showFog":true,"showMaterialUpdate":true,"showSkybox":true,"showFlares":true,"showImageEffects":true,"showParticleSystems":true},"in2DMode":false,"pivot":{"x":97.5506820678711,"y":-4.180036544799805,"z":27.13037109375},"rotation":{"x":-0.4147709906101227,"y":0.5852235555648804,"z":-0.4907394051551819,"w":-0.4946281611919403},"size":138.96751403808595,"orthographic":false}