{"cameraMode":{"drawMode":0,"name":"Shaded","section":"Shading Mode"},"sceneLighting":true,"audioPlay":false,"sceneViewState":{"showFog":true,"showMaterialUpdate":false,"showSkybox":true,"showFlares":true,"showImageEffects":true,"showParticleSystems":true},"in2DMode":false,"pivot":{"x":-41.07322692871094,"y":10.292181968688965,"z":-3.2140731811523439},"rotation":{"x":-0.14545850455760957,"y":0.22666512429714204,"z":-0.034257106482982638,"w":-0.9624402523040772},"size":18.991436004638673,"orthographic":false}