{"cameraMode":{"drawMode":0,"name":"Shaded","section":"Shading Mode"},"sceneLighting":false,"audioPlay":false,"sceneViewState":{"showFog":true,"showMaterialUpdate":false,"showSkybox":false,"showFlares":true,"showImageEffects":true,"showParticleSystems":true},"in2DMode":false,"pivot":{"x":-7.070992469787598,"y":2.729393720626831,"z":1.125781536102295},"rotation":{"x":-0.09188633412122727,"y":0.875398576259613,"z":-0.1838407963514328,"w":-0.4375382661819458},"size":2.2475478649139406,"orthographic":false}